1,Абдиев К
2,Абдрахманов А О
3,Абдрахманов О
4,Абдыкеримов Ш Ш
5,Абдылдаев М Ю
6,Айдаров Н А
7,Айтматова Ш Ч
8,Акназарова Р К
9,Алимбеков Н К
10,Алтыбаева А Т
11,Алымбеков З М
12,Арапбаев А А
13,Арипов Н Т
14,Артыков А А
15,Баатырбеков А Б
16,Бадыкеева Н Н
17,Бакир уулу Турсунбай
18,Бакиров М И
19,Бакиров О М
20,Балтабаев Т
21,Бекбоев З И
22,Бекешев Д Д
23,Бекматов А Г
24,Бокоев К С
25,Гусаров И К
26,Джолдошова Ж А
27,Джумабеков Д А
28,Джумалиева Э Б
29,Домшенко О Л
30,Досалиев А А
31,Дыйканбаев К С
32,Жетигенов Б Дж
33,Жоошбеков З С
34,Жээнбеков А Ш
35,Жээнбеков Р Б
36,Зулпукаров Т З
37,Ибраев С К
38,Ибраев Т О
39,Измалкова А Н
40,Иманалиев К К
41,Иманалиева Э С
42,Иманкожоева Э Б
43,Исаев Ж К
44,Исаева Д Ш
45,Исаков И И
46,Исаков Э Б
47,Кадыралиева Ы К
48,Кадырбекова М М
49,Кадыров Б С
50,Калмаматов А А
51,Калмаматов Б
52,Калматов А Б
53,Карамушкина И Ю
54,Касымбеков Н А
55,Келдибеков А К
56,Коркмазов Х З
57,Кочкарова Э А
58,Кочкорбаев А К
59,Кочкоров У Т
60,Кудайбергенов Д К
61,Кулов Ф Ш
62,Кутушев А О
63,Левина Т В
64,Мадалиев Н А
65,Мадеминов М Г
66,Мадылбеков Т
67,Маматов А
68,Маматов Б А
69,Мамырова Б А
70,Молдобаев Н
71,Мурашев Н М
72,Мурзабеков К З
73,Нарматова Н А
74,Никитенко Н В
75,Нуркулов У К
76,Нышанов С К
77,Обдунов Э А
78,Омурбеков К К
79,Орозбаев М О
80,Орозова К Б
81,Осмоналиев К О
82,Осмонов К Э
83,Осмонов М К
84,Пирматов И А
85,Расулов М А
86,Режевалиев А М
87,Рыспаев К Ж
88,Сабиров М Э
89,Садырбаева Г
90,Сакебаев Э А
91,Салимов Т А
92,Салымбеков М М
93,Самаков К С
94,Саматов Ж А
95,Сапарбаев Ж Р
96,Сасыкбаева А А
97,Скрипкина Г А
98,Сулайманкулов Б А
99,Сулайманов А Т
100,Сулейманов Б И
101,Султанбекова Ч А
102,Султанов А Ш
103,Султанов М А
104,Суракматов А Э
105,Текебаев О Ч
106,Тербишалиев Д О
107,Тиленчиева М Б
108,Тологонов Р
109,Торобаев Б Э
110,Торобеков Н Н
111,Туманов К Т
112,Туманов Т Т
113,Турсунбеков Ч А
114,Узакбаев Т М
115,Чолпонбаев У С
116,Шайназаров Т У
117,Шаршеев Б О
118,Шер Б
119,Шин Р
120,Эшимов А Ж
121,Аманбаева У А
122,Жамгырчиева Г О
123,Тюлеев Н Т
124,Ниязалиева Д А
125,Артыков А
